{
  "_default": {},
  "commands": {
    "1001": {
      "name": "Launch IExplorer",
      "category": "1",
      "executable": "C:/Program Files/Internet Explorer/iexplore.exe",
      "parameters": "www.google.co.uk"
    },
    "1002": {
      "name": "Launch Chrome",
      "category": "1",
      "executable": "C:/Program Files (x86)/Google/Chrome/Application/chrome.exe",
      "parameters": "www.google.co.uk"
    },
    "1003": {
      "name": "Start OpenVPN",
      "category": "2",
      "executable": "iexplore.exe",
      "parameters": "www.google.co.uk"
    },
    "1004": {
      "name": "Stop OpenVPN",
      "category": "2",
      "executable": "iexplore.exe",
      "parameters": "www.google.co.uk"
    },
    "1005": {
      "name": "Open Command Prompt",
      "category": "4",
      "executable": "c:/windows/system32/cmd.exe",
      "parameters": "/k"
    }
  },
  "categories": {
    "2001": {
      "name": "Browsers",
      "id": "1"
    },
    "2002": {
      "name": "VPN",
      "id": "2"
    },
    "2003": {
      "name": "Remote Access",
      "id": "3"
    },
    "2004": {
      "name": "Shell",
      "id": "4"
    }
  }
}