<?xml version="1.0" encoding="UTF-8" standalone="yes"?>
<addon id="repository.leetcodes" name="leetcodes" version="1.5" provider-name="leetcodes">
	<extension point="xbmc.addon.repository" name="leetcodes">
		<info compressed="false">https://leetcodes.github.io/kodi/addons.xml</info>
		<checksum>https://leetcodes.github.io/kodi/addons.xml.md5</checksum>
		<datadir zip="true">https://leetcodes.github.io/kodi/</datadir>
	</extension>
	<extension point="xbmc.addon.metadata">
		<summary>Welcome to my github repo</summary>
		<description>my own addons n shit</description>
		<platform>all</platform>
	</extension>
</addon>

